{
  "session_start": "2026-02-05T09:04:53.056682",
  "session_duration": 286.36653900146484,
  "measurements": {
    "병렬 Trend 처리": {
      "count": 1,
      "average": 1.9778051376342773,
      "min": 1.9778051376342773,
      "max": 1.9778051376342773,
      "total": 1.9778051376342773,
      "values": [
        1.9778051376342773
      ]
    },
    "JSON 배치 저장": {
      "count": 1,
      "average": 0.006043195724487305,
      "min": 0.006043195724487305,
      "max": 0.006043195724487305,
      "total": 0.006043195724487305,
      "values": [
        0.006043195724487305
      ]
    },
    "전체 Trend 분석": {
      "count": 1,
      "average": 2.6042158603668213,
      "min": 2.6042158603668213,
      "max": 2.6042158603668213,
      "total": 2.6042158603668213,
      "values": [
        2.6042158603668213
      ]
    }
  },
  "comparisons": {}
}