{
  "session_start": "2026-02-05T09:44:55.282445",
  "session_duration": 88.78469896316528,
  "measurements": {
    "병렬 Spectrum 처리": {
      "count": 1,
      "average": 1.1778490543365479,
      "min": 1.1778490543365479,
      "max": 1.1778490543365479,
      "total": 1.1778490543365479,
      "values": [
        1.1778490543365479
      ]
    },
    "그래프 렌더링": {
      "count": 1,
      "average": 0.054970741271972656,
      "min": 0.054970741271972656,
      "max": 0.054970741271972656,
      "total": 0.054970741271972656,
      "values": [
        0.054970741271972656
      ]
    },
    "전체 Spectrum 분석": {
      "count": 1,
      "average": 2.729214906692505,
      "min": 2.729214906692505,
      "max": 2.729214906692505,
      "total": 2.729214906692505,
      "values": [
        2.729214906692505
      ]
    }
  },
  "comparisons": {}
}