{
  "session_start": "2026-02-04T15:30:11.581853",
  "session_duration": 321.0717432498932,
  "measurements": {
    "병렬 Trend 처리": {
      "count": 2,
      "average": 3.7892531156539917,
      "min": 3.7365713119506836,
      "max": 3.8419349193573,
      "total": 7.578506231307983,
      "values": [
        3.8419349193573,
        3.7365713119506836
      ]
    },
    "JSON 배치 저장": {
      "count": 2,
      "average": 0.009502291679382324,
      "min": 0.009002447128295898,
      "max": 0.01000213623046875,
      "total": 0.01900458335876465,
      "values": [
        0.01000213623046875,
        0.009002447128295898
      ]
    },
    "전체 Trend 분석": {
      "count": 2,
      "average": 3.9321367740631104,
      "min": 3.877894163131714,
      "max": 3.986379384994507,
      "total": 7.864273548126221,
      "values": [
        3.986379384994507,
        3.877894163131714
      ]
    }
  },
  "comparisons": {}
}