{
  "session_start": "2026-02-03T13:32:44.678056",
  "session_duration": 33.35110402107239,
  "measurements": {
    "병렬 Peak 처리": {
      "count": 1,
      "average": 2.2106430530548096,
      "min": 2.2106430530548096,
      "max": 2.2106430530548096,
      "total": 2.2106430530548096,
      "values": [
        2.2106430530548096
      ]
    },
    "전체 Peak 분석": {
      "count": 1,
      "average": 2.822157144546509,
      "min": 2.822157144546509,
      "max": 2.822157144546509,
      "total": 2.822157144546509,
      "values": [
        2.822157144546509
      ]
    }
  },
  "comparisons": {}
}