{
  "session_start": "2026-02-04T13:45:06.887735",
  "session_duration": 142.62341928482056,
  "measurements": {
    "병렬 Spectrum 처리": {
      "count": 6,
      "average": 1.9118692874908447,
      "min": 1.2139184474945068,
      "max": 3.9478564262390137,
      "total": 11.471215724945068,
      "values": [
        3.9478564262390137,
        1.2172009944915771,
        1.2139184474945068,
        1.5061793327331543,
        1.5863721370697021,
        1.9996883869171143
      ]
    },
    "그래프 렌더링": {
      "count": 6,
      "average": 0.2354280153910319,
      "min": 0.00500178337097168,
      "max": 1.171065092086792,
      "total": 1.4125680923461914,
      "values": [
        1.171065092086792,
        0.00500178337097168,
        0.008993864059448242,
        0.03908967971801758,
        0.06612968444824219,
        0.12228798866271973
      ]
    },
    "전체 Spectrum 분석": {
      "count": 6,
      "average": 4.020408272743225,
      "min": 2.004687547683716,
      "max": 8.814120054244995,
      "total": 24.12244963645935,
      "values": [
        8.814120054244995,
        2.004687547683716,
        2.1015918254852295,
        2.977931261062622,
        3.86751127243042,
        4.356607675552368
      ]
    }
  },
  "comparisons": {}
}