{
  "session_start": "2026-02-02T14:35:57.920133",
  "session_duration": 1181.3534557819366,
  "measurements": {
    "병렬 파일 처리": {
      "count": 1,
      "average": 525.4701039791107,
      "min": 525.4701039791107,
      "max": 525.4701039791107,
      "total": 525.4701039791107,
      "values": [
        525.4701039791107
      ]
    },
    "배치 렌더링": {
      "count": 1,
      "average": 110.08155798912048,
      "min": 110.08155798912048,
      "max": 110.08155798912048,
      "total": 110.08155798912048,
      "values": [
        110.08155798912048
      ]
    },
    "전체 플롯 작업 (병렬)": {
      "count": 1,
      "average": 637.4963181018829,
      "min": 637.4963181018829,
      "max": 637.4963181018829,
      "total": 637.4963181018829,
      "values": [
        637.4963181018829
      ]
    }
  },
  "comparisons": {}
}