{
  "session_start": "2026-02-03T09:16:07.421389",
  "session_duration": 100.40163779258728,
  "measurements": {
    "병렬 Trend 처리": {
      "count": 1,
      "average": 17.504050970077515,
      "min": 17.504050970077515,
      "max": 17.504050970077515,
      "total": 17.504050970077515,
      "values": [
        17.504050970077515
      ]
    },
    "JSON 배치 저장": {
      "count": 1,
      "average": 0.08201384544372559,
      "min": 0.08201384544372559,
      "max": 0.08201384544372559,
      "total": 0.08201384544372559,
      "values": [
        0.08201384544372559
      ]
    },
    "전체 Trend 분석": {
      "count": 1,
      "average": 18.240360975265503,
      "min": 18.240360975265503,
      "max": 18.240360975265503,
      "total": 18.240360975265503,
      "values": [
        18.240360975265503
      ]
    }
  },
  "comparisons": {}
}