{
  "session_start": "2026-02-04T09:46:49.324688",
  "session_duration": 67.25701308250427,
  "measurements": {
    "병렬 Trend 처리": {
      "count": 1,
      "average": 1.7447419166564941,
      "min": 1.7447419166564941,
      "max": 1.7447419166564941,
      "total": 1.7447419166564941,
      "values": [
        1.7447419166564941
      ]
    },
    "JSON 배치 저장": {
      "count": 1,
      "average": 0.004532814025878906,
      "min": 0.004532814025878906,
      "max": 0.004532814025878906,
      "total": 0.004532814025878906,
      "values": [
        0.004532814025878906
      ]
    },
    "전체 Trend 분석": {
      "count": 1,
      "average": 2.36765193939209,
      "min": 2.36765193939209,
      "max": 2.36765193939209,
      "total": 2.36765193939209,
      "values": [
        2.36765193939209
      ]
    }
  },
  "comparisons": {}
}